Fax,Person,Company,Phone
+12075551210,Name 0,Company 0,+12076661210
+12075551211,Name 1,Company 1,+12076661211
+120755512110,Name 10,Company 10,+120766612110
+1207555121100,Name 100,Company 100,+1207666121100
+1207555121101,Name 101,Company 101,+1207666121101
+1207555121102,Name 102,Company 102,+1207666121102
+1207555121103,Name 103,Company 103,+1207666121103
+1207555121104,Name 104,Company 104,+1207666121104
+1207555121105,Name 105,Company 105,+1207666121105
+1207555121106,Name 106,Company 106,+1207666121106
+1207555121107,Name 107,Company 107,+1207666121107
+1207555121108,Name 108,Company 108,+1207666121108
+1207555121109,Name 109,Company 109,+1207666121109
+120755512111,Name 11,Company 11,+120766612111
+1207555121110,Name 110,Company 110,+1207666121110
+1207555121111,Name 111,Company 111,+1207666121111
+1207555121112,Name 112,Company 112,+1207666121112
+1207555121113,Name 113,Company 113,+1207666121113
+1207555121114,Name 114,Company 114,+1207666121114
+1207555121115,Name 115,Company 115,+1207666121115
+1207555121116,Name 116,Company 116,+1207666121116
+1207555121117,Name 117,Company 117,+1207666121117
+1207555121118,Name 118,Company 118,+1207666121118
+1207555121119,Name 119,Company 119,+1207666121119
+120755512112,Name 12,Company 12,+120766612112
+1207555121120,Name 120,Company 120,+1207666121120
+1207555121121,Name 121,Company 121,+1207666121121
+1207555121122,Name 122,Company 122,+1207666121122
+1207555121123,Name 123,Company 123,+1207666121123
+1207555121124,Name 124,Company 124,+1207666121124
+1207555121125,Name 125,Company 125,+1207666121125
+1207555121126,Name 126,Company 126,+1207666121126
+1207555121127,Name 127,Company 127,+1207666121127
+1207555121128,Name 128,Company 128,+1207666121128
+1207555121129,Name 129,Company 129,+1207666121129
+120755512113,Name 13,Company 13,+120766612113
+1207555121130,Name 130,Company 130,+1207666121130
+1207555121131,Name 131,Company 131,+1207666121131
+1207555121132,Name 132,Company 132,+1207666121132
+1207555121133,Name 133,Company 133,+1207666121133
+1207555121134,Name 134,Company 134,+1207666121134
+1207555121135,Name 135,Company 135,+1207666121135
+1207555121136,Name 136,Company 136,+1207666121136
+1207555121137,Name 137,Company 137,+1207666121137
+1207555121138,Name 138,Company 138,+1207666121138
+1207555121139,Name 139,Company 139,+1207666121139
+120755512114,Name 14,Company 14,+120766612114
+1207555121140,Name 140,Company 140,+1207666121140
+1207555121141,Name 141,Company 141,+1207666121141
+1207555121142,Name 142,Company 142,+1207666121142
+1207555121143,Name 143,Company 143,+1207666121143
+1207555121144,Name 144,Company 144,+1207666121144
+1207555121145,Name 145,Company 145,+1207666121145
+1207555121146,Name 146,Company 146,+1207666121146
+1207555121147,Name 147,Company 147,+1207666121147
+1207555121148,Name 148,Company 148,+1207666121148
+1207555121149,Name 149,Company 149,+1207666121149
+120755512115,Name 15,Company 15,+120766612115
+1207555121150,Name 150,Company 150,+1207666121150
+1207555121151,Name 151,Company 151,+1207666121151
+1207555121152,Name 152,Company 152,+1207666121152
+1207555121153,Name 153,Company 153,+1207666121153
+1207555121154,Name 154,Company 154,+1207666121154
+1207555121155,Name 155,Company 155,+1207666121155
+1207555121156,Name 156,Company 156,+1207666121156
+1207555121157,Name 157,Company 157,+1207666121157
+1207555121158,Name 158,Company 158,+1207666121158
+1207555121159,Name 159,Company 159,+1207666121159
+120755512116,Name 16,Company 16,+120766612116
+1207555121160,Name 160,Company 160,+1207666121160
+1207555121161,Name 161,Company 161,+1207666121161
+1207555121162,Name 162,Company 162,+1207666121162
+1207555121163,Name 163,Company 163,+1207666121163
+1207555121164,Name 164,Company 164,+1207666121164
+1207555121165,Name 165,Company 165,+1207666121165
+1207555121166,Name 166,Company 166,+1207666121166
+1207555121167,Name 167,Company 167,+1207666121167
+1207555121168,Name 168,Company 168,+1207666121168
+1207555121169,Name 169,Company 169,+1207666121169
+120755512117,Name 17,Company 17,+120766612117
+1207555121170,Name 170,Company 170,+1207666121170
+1207555121171,Name 171,Company 171,+1207666121171
+1207555121172,Name 172,Company 172,+1207666121172
+1207555121173,Name 173,Company 173,+1207666121173
+1207555121174,Name 174,Company 174,+1207666121174
+1207555121175,Name 175,Company 175,+1207666121175
+1207555121176,Name 176,Company 176,+1207666121176
+1207555121177,Name 177,Company 177,+1207666121177
+1207555121178,Name 178,Company 178,+1207666121178
+1207555121179,Name 179,Company 179,+1207666121179
+120755512118,Name 18,Company 18,+120766612118
+1207555121180,Name 180,Company 180,+1207666121180
+1207555121181,Name 181,Company 181,+1207666121181
+1207555121182,Name 182,Company 182,+1207666121182
+1207555121183,Name 183,Company 183,+1207666121183
+1207555121184,Name 184,Company 184,+1207666121184
+1207555121185,Name 185,Company 185,+1207666121185
+1207555121186,Name 186,Company 186,+1207666121186
+1207555121187,Name 187,Company 187,+1207666121187
+1207555121188,Name 188,Company 188,+1207666121188
+1207555121189,Name 189,Company 189,+1207666121189
+120755512119,Name 19,Company 19,+120766612119
+1207555121190,Name 190,Company 190,+1207666121190
+1207555121191,Name 191,Company 191,+1207666121191
+1207555121192,Name 192,Company 192,+1207666121192
+1207555121193,Name 193,Company 193,+1207666121193
+1207555121194,Name 194,Company 194,+1207666121194
+1207555121195,Name 195,Company 195,+1207666121195
+1207555121196,Name 196,Company 196,+1207666121196
+1207555121197,Name 197,Company 197,+1207666121197
+1207555121198,Name 198,Company 198,+1207666121198
+1207555121199,Name 199,Company 199,+1207666121199
+12075551212,Name 2,Company 2,+12076661212
+120755512120,Name 20,Company 20,+120766612120
+1207555121200,Name 200,Company 200,+1207666121200
+1207555121201,Name 201,Company 201,+1207666121201
+1207555121202,Name 202,Company 202,+1207666121202
+1207555121203,Name 203,Company 203,+1207666121203
+1207555121204,Name 204,Company 204,+1207666121204
+1207555121205,Name 205,Company 205,+1207666121205
+1207555121206,Name 206,Company 206,+1207666121206
+1207555121207,Name 207,Company 207,+1207666121207
+1207555121208,Name 208,Company 208,+1207666121208
+1207555121209,Name 209,Company 209,+1207666121209
+120755512121,Name 21,Company 21,+120766612121
+1207555121210,Name 210,Company 210,+1207666121210
+1207555121211,Name 211,Company 211,+1207666121211
+1207555121212,Name 212,Company 212,+1207666121212
+1207555121213,Name 213,Company 213,+1207666121213
+1207555121214,Name 214,Company 214,+1207666121214
+1207555121215,Name 215,Company 215,+1207666121215
+1207555121216,Name 216,Company 216,+1207666121216
+1207555121217,Name 217,Company 217,+1207666121217
+1207555121218,Name 218,Company 218,+1207666121218
+1207555121219,Name 219,Company 219,+1207666121219
+120755512122,Name 22,Company 22,+120766612122
+1207555121220,Name 220,Company 220,+1207666121220
+1207555121221,Name 221,Company 221,+1207666121221
+1207555121222,Name 222,Company 222,+1207666121222
+1207555121223,Name 223,Company 223,+1207666121223
+1207555121224,Name 224,Company 224,+1207666121224
+1207555121225,Name 225,Company 225,+1207666121225
+1207555121226,Name 226,Company 226,+1207666121226
+1207555121227,Name 227,Company 227,+1207666121227
+1207555121228,Name 228,Company 228,+1207666121228
+1207555121229,Name 229,Company 229,+1207666121229
+120755512123,Name 23,Company 23,+120766612123
+1207555121230,Name 230,Company 230,+1207666121230
+1207555121231,Name 231,Company 231,+1207666121231
+1207555121232,Name 232,Company 232,+1207666121232
+1207555121233,Name 233,Company 233,+1207666121233
+1207555121234,Name 234,Company 234,+1207666121234
+1207555121235,Name 235,Company 235,+1207666121235
+1207555121236,Name 236,Company 236,+1207666121236
+1207555121237,Name 237,Company 237,+1207666121237
+1207555121238,Name 238,Company 238,+1207666121238
+1207555121239,Name 239,Company 239,+1207666121239
+120755512124,Name 24,Company 24,+120766612124
+1207555121240,Name 240,Company 240,+1207666121240
+1207555121241,Name 241,Company 241,+1207666121241
+1207555121242,Name 242,Company 242,+1207666121242
+1207555121243,Name 243,Company 243,+1207666121243
+1207555121244,Name 244,Company 244,+1207666121244
+1207555121245,Name 245,Company 245,+1207666121245
+1207555121246,Name 246,Company 246,+1207666121246
+1207555121247,Name 247,Company 247,+1207666121247
+1207555121248,Name 248,Company 248,+1207666121248
+1207555121249,Name 249,Company 249,+1207666121249
+120755512125,Name 25,Company 25,+120766612125
+1207555121250,Name 250,Company 250,+1207666121250
+1207555121251,Name 251,Company 251,+1207666121251
+1207555121252,Name 252,Company 252,+1207666121252
+1207555121253,Name 253,Company 253,+1207666121253
+1207555121254,Name 254,Company 254,+1207666121254
+1207555121255,Name 255,Company 255,+1207666121255
+1207555121256,Name 256,Company 256,+1207666121256
+1207555121257,Name 257,Company 257,+1207666121257
+1207555121258,Name 258,Company 258,+1207666121258
+1207555121259,Name 259,Company 259,+1207666121259
+120755512126,Name 26,Company 26,+120766612126
+1207555121260,Name 260,Company 260,+1207666121260
+1207555121261,Name 261,Company 261,+1207666121261
+1207555121262,Name 262,Company 262,+1207666121262
+1207555121263,Name 263,Company 263,+1207666121263
+1207555121264,Name 264,Company 264,+1207666121264
+1207555121265,Name 265,Company 265,+1207666121265
+1207555121266,Name 266,Company 266,+1207666121266
+1207555121267,Name 267,Company 267,+1207666121267
+1207555121268,Name 268,Company 268,+1207666121268
+1207555121269,Name 269,Company 269,+1207666121269
+120755512127,Name 27,Company 27,+120766612127
+1207555121270,Name 270,Company 270,+1207666121270
+1207555121271,Name 271,Company 271,+1207666121271
+1207555121272,Name 272,Company 272,+1207666121272
+1207555121273,Name 273,Company 273,+1207666121273
+1207555121274,Name 274,Company 274,+1207666121274
+1207555121275,Name 275,Company 275,+1207666121275
+1207555121276,Name 276,Company 276,+1207666121276
+1207555121277,Name 277,Company 277,+1207666121277
+1207555121278,Name 278,Company 278,+1207666121278
+1207555121279,Name 279,Company 279,+1207666121279
+120755512128,Name 28,Company 28,+120766612128
+1207555121280,Name 280,Company 280,+1207666121280
+1207555121281,Name 281,Company 281,+1207666121281
+1207555121282,Name 282,Company 282,+1207666121282
+1207555121283,Name 283,Company 283,+1207666121283
+1207555121284,Name 284,Company 284,+1207666121284
+1207555121285,Name 285,Company 285,+1207666121285
+1207555121286,Name 286,Company 286,+1207666121286
+1207555121287,Name 287,Company 287,+1207666121287
+1207555121288,Name 288,Company 288,+1207666121288
+1207555121289,Name 289,Company 289,+1207666121289
+120755512129,Name 29,Company 29,+120766612129
+1207555121290,Name 290,Company 290,+1207666121290
+1207555121291,Name 291,Company 291,+1207666121291
+1207555121292,Name 292,Company 292,+1207666121292
+1207555121293,Name 293,Company 293,+1207666121293
+1207555121294,Name 294,Company 294,+1207666121294
+1207555121295,Name 295,Company 295,+1207666121295
+1207555121296,Name 296,Company 296,+1207666121296
+1207555121297,Name 297,Company 297,+1207666121297
+1207555121298,Name 298,Company 298,+1207666121298
+1207555121299,Name 299,Company 299,+1207666121299
+12075551213,Name 3,Company 3,+12076661213
+120755512130,Name 30,Company 30,+120766612130
+1207555121300,Name 300,Company 300,+1207666121300
+1207555121301,Name 301,Company 301,+1207666121301
+1207555121302,Name 302,Company 302,+1207666121302
+1207555121303,Name 303,Company 303,+1207666121303
+1207555121304,Name 304,Company 304,+1207666121304
+1207555121305,Name 305,Company 305,+1207666121305
+1207555121306,Name 306,Company 306,+1207666121306
+1207555121307,Name 307,Company 307,+1207666121307
+1207555121308,Name 308,Company 308,+1207666121308
+1207555121309,Name 309,Company 309,+1207666121309
+120755512131,Name 31,Company 31,+120766612131
+1207555121310,Name 310,Company 310,+1207666121310
+1207555121311,Name 311,Company 311,+1207666121311
+1207555121312,Name 312,Company 312,+1207666121312
+1207555121313,Name 313,Company 313,+1207666121313
+1207555121314,Name 314,Company 314,+1207666121314
+1207555121315,Name 315,Company 315,+1207666121315
+1207555121316,Name 316,Company 316,+1207666121316
+1207555121317,Name 317,Company 317,+1207666121317
+1207555121318,Name 318,Company 318,+1207666121318
+1207555121319,Name 319,Company 319,+1207666121319
+120755512132,Name 32,Company 32,+120766612132
+1207555121320,Name 320,Company 320,+1207666121320
+1207555121321,Name 321,Company 321,+1207666121321
+1207555121322,Name 322,Company 322,+1207666121322
+1207555121323,Name 323,Company 323,+1207666121323
+1207555121324,Name 324,Company 324,+1207666121324
+1207555121325,Name 325,Company 325,+1207666121325
+1207555121326,Name 326,Company 326,+1207666121326
+1207555121327,Name 327,Company 327,+1207666121327
+1207555121328,Name 328,Company 328,+1207666121328
+1207555121329,Name 329,Company 329,+1207666121329
+120755512133,Name 33,Company 33,+120766612133
+1207555121330,Name 330,Company 330,+1207666121330
+1207555121331,Name 331,Company 331,+1207666121331
+1207555121332,Name 332,Company 332,+1207666121332
+1207555121333,Name 333,Company 333,+1207666121333
+1207555121334,Name 334,Company 334,+1207666121334
+1207555121335,Name 335,Company 335,+1207666121335
+1207555121336,Name 336,Company 336,+1207666121336
+1207555121337,Name 337,Company 337,+1207666121337
+1207555121338,Name 338,Company 338,+1207666121338
+1207555121339,Name 339,Company 339,+1207666121339
+120755512134,Name 34,Company 34,+120766612134
+1207555121340,Name 340,Company 340,+1207666121340
+1207555121341,Name 341,Company 341,+1207666121341
+1207555121342,Name 342,Company 342,+1207666121342
+1207555121343,Name 343,Company 343,+1207666121343
+1207555121344,Name 344,Company 344,+1207666121344
+1207555121345,Name 345,Company 345,+1207666121345
+1207555121346,Name 346,Company 346,+1207666121346
+1207555121347,Name 347,Company 347,+1207666121347
+1207555121348,Name 348,Company 348,+1207666121348
+1207555121349,Name 349,Company 349,+1207666121349
+120755512135,Name 35,Company 35,+120766612135
+1207555121350,Name 350,Company 350,+1207666121350
+1207555121351,Name 351,Company 351,+1207666121351
+1207555121352,Name 352,Company 352,+1207666121352
+1207555121353,Name 353,Company 353,+1207666121353
+1207555121354,Name 354,Company 354,+1207666121354
+1207555121355,Name 355,Company 355,+1207666121355
+1207555121356,Name 356,Company 356,+1207666121356
+1207555121357,Name 357,Company 357,+1207666121357
+1207555121358,Name 358,Company 358,+1207666121358
+1207555121359,Name 359,Company 359,+1207666121359
+120755512136,Name 36,Company 36,+120766612136
+1207555121360,Name 360,Company 360,+1207666121360
+1207555121361,Name 361,Company 361,+1207666121361
+1207555121362,Name 362,Company 362,+1207666121362
+1207555121363,Name 363,Company 363,+1207666121363
+1207555121364,Name 364,Company 364,+1207666121364
+1207555121365,Name 365,Company 365,+1207666121365
+1207555121366,Name 366,Company 366,+1207666121366
+1207555121367,Name 367,Company 367,+1207666121367
+1207555121368,Name 368,Company 368,+1207666121368
+1207555121369,Name 369,Company 369,+1207666121369
+120755512137,Name 37,Company 37,+120766612137
+1207555121370,Name 370,Company 370,+1207666121370
+1207555121371,Name 371,Company 371,+1207666121371
+1207555121372,Name 372,Company 372,+1207666121372
+1207555121373,Name 373,Company 373,+1207666121373
+1207555121374,Name 374,Company 374,+1207666121374
+1207555121375,Name 375,Company 375,+1207666121375
+1207555121376,Name 376,Company 376,+1207666121376
+1207555121377,Name 377,Company 377,+1207666121377
+1207555121378,Name 378,Company 378,+1207666121378
+1207555121379,Name 379,Company 379,+1207666121379
+120755512138,Name 38,Company 38,+120766612138
+1207555121380,Name 380,Company 380,+1207666121380
+1207555121381,Name 381,Company 381,+1207666121381
+1207555121382,Name 382,Company 382,+1207666121382
+1207555121383,Name 383,Company 383,+1207666121383
+1207555121384,Name 384,Company 384,+1207666121384
+1207555121385,Name 385,Company 385,+1207666121385
+1207555121386,Name 386,Company 386,+1207666121386
+1207555121387,Name 387,Company 387,+1207666121387
+1207555121388,Name 388,Company 388,+1207666121388
+1207555121389,Name 389,Company 389,+1207666121389
+120755512139,Name 39,Company 39,+120766612139
+1207555121390,Name 390,Company 390,+1207666121390
+1207555121391,Name 391,Company 391,+1207666121391
+1207555121392,Name 392,Company 392,+1207666121392
+1207555121393,Name 393,Company 393,+1207666121393
+1207555121394,Name 394,Company 394,+1207666121394
+1207555121395,Name 395,Company 395,+1207666121395
+1207555121396,Name 396,Company 396,+1207666121396
+1207555121397,Name 397,Company 397,+1207666121397
+1207555121398,Name 398,Company 398,+1207666121398
+1207555121399,Name 399,Company 399,+1207666121399
+12075551214,Name 4,Company 4,+12076661214
+120755512140,Name 40,Company 40,+120766612140
+1207555121400,Name 400,Company 400,+1207666121400
+1207555121401,Name 401,Company 401,+1207666121401
+1207555121402,Name 402,Company 402,+1207666121402
+1207555121403,Name 403,Company 403,+1207666121403
+1207555121404,Name 404,Company 404,+1207666121404
+1207555121405,Name 405,Company 405,+1207666121405
+1207555121406,Name 406,Company 406,+1207666121406
+1207555121407,Name 407,Company 407,+1207666121407
+1207555121408,Name 408,Company 408,+1207666121408
+1207555121409,Name 409,Company 409,+1207666121409
+120755512141,Name 41,Company 41,+120766612141
+1207555121410,Name 410,Company 410,+1207666121410
+1207555121411,Name 411,Company 411,+1207666121411
+1207555121412,Name 412,Company 412,+1207666121412
+1207555121413,Name 413,Company 413,+1207666121413
+1207555121414,Name 414,Company 414,+1207666121414
+1207555121415,Name 415,Company 415,+1207666121415
+1207555121416,Name 416,Company 416,+1207666121416
+1207555121417,Name 417,Company 417,+1207666121417
+1207555121418,Name 418,Company 418,+1207666121418
+1207555121419,Name 419,Company 419,+1207666121419
+120755512142,Name 42,Company 42,+120766612142
+1207555121420,Name 420,Company 420,+1207666121420
+1207555121421,Name 421,Company 421,+1207666121421
+1207555121422,Name 422,Company 422,+1207666121422
+1207555121423,Name 423,Company 423,+1207666121423
+1207555121424,Name 424,Company 424,+1207666121424
+1207555121425,Name 425,Company 425,+1207666121425
+1207555121426,Name 426,Company 426,+1207666121426
+1207555121427,Name 427,Company 427,+1207666121427
+1207555121428,Name 428,Company 428,+1207666121428
+1207555121429,Name 429,Company 429,+1207666121429
+120755512143,Name 43,Company 43,+120766612143
+1207555121430,Name 430,Company 430,+1207666121430
+1207555121431,Name 431,Company 431,+1207666121431
+1207555121432,Name 432,Company 432,+1207666121432
+1207555121433,Name 433,Company 433,+1207666121433
+1207555121434,Name 434,Company 434,+1207666121434
+1207555121435,Name 435,Company 435,+1207666121435
+1207555121436,Name 436,Company 436,+1207666121436
+1207555121437,Name 437,Company 437,+1207666121437
+1207555121438,Name 438,Company 438,+1207666121438
+1207555121439,Name 439,Company 439,+1207666121439
+120755512144,Name 44,Company 44,+120766612144
+1207555121440,Name 440,Company 440,+1207666121440
+1207555121441,Name 441,Company 441,+1207666121441
+1207555121442,Name 442,Company 442,+1207666121442
+1207555121443,Name 443,Company 443,+1207666121443
+1207555121444,Name 444,Company 444,+1207666121444
+1207555121445,Name 445,Company 445,+1207666121445
+1207555121446,Name 446,Company 446,+1207666121446
+1207555121447,Name 447,Company 447,+1207666121447
+1207555121448,Name 448,Company 448,+1207666121448
+1207555121449,Name 449,Company 449,+1207666121449
+120755512145,Name 45,Company 45,+120766612145
+1207555121450,Name 450,Company 450,+1207666121450
+1207555121451,Name 451,Company 451,+1207666121451
+1207555121452,Name 452,Company 452,+1207666121452
+1207555121453,Name 453,Company 453,+1207666121453
+1207555121454,Name 454,Company 454,+1207666121454
+1207555121455,Name 455,Company 455,+1207666121455
+1207555121456,Name 456,Company 456,+1207666121456
+1207555121457,Name 457,Company 457,+1207666121457
+1207555121458,Name 458,Company 458,+1207666121458
+1207555121459,Name 459,Company 459,+1207666121459
+120755512146,Name 46,Company 46,+120766612146
+1207555121460,Name 460,Company 460,+1207666121460
+1207555121461,Name 461,Company 461,+1207666121461
+1207555121462,Name 462,Company 462,+1207666121462
+1207555121463,Name 463,Company 463,+1207666121463
+1207555121464,Name 464,Company 464,+1207666121464
+1207555121465,Name 465,Company 465,+1207666121465
+1207555121466,Name 466,Company 466,+1207666121466
+1207555121467,Name 467,Company 467,+1207666121467
+1207555121468,Name 468,Company 468,+1207666121468
+1207555121469,Name 469,Company 469,+1207666121469
+120755512147,Name 47,Company 47,+120766612147
+1207555121470,Name 470,Company 470,+1207666121470
+1207555121471,Name 471,Company 471,+1207666121471
+1207555121472,Name 472,Company 472,+1207666121472
+1207555121473,Name 473,Company 473,+1207666121473
+1207555121474,Name 474,Company 474,+1207666121474
+1207555121475,Name 475,Company 475,+1207666121475
+1207555121476,Name 476,Company 476,+1207666121476
+1207555121477,Name 477,Company 477,+1207666121477
+1207555121478,Name 478,Company 478,+1207666121478
+1207555121479,Name 479,Company 479,+1207666121479
+120755512148,Name 48,Company 48,+120766612148
+1207555121480,Name 480,Company 480,+1207666121480
+1207555121481,Name 481,Company 481,+1207666121481
+1207555121482,Name 482,Company 482,+1207666121482
+1207555121483,Name 483,Company 483,+1207666121483
+1207555121484,Name 484,Company 484,+1207666121484
+1207555121485,Name 485,Company 485,+1207666121485
+1207555121486,Name 486,Company 486,+1207666121486
+1207555121487,Name 487,Company 487,+1207666121487
+1207555121488,Name 488,Company 488,+1207666121488
+1207555121489,Name 489,Company 489,+1207666121489
+120755512149,Name 49,Company 49,+120766612149
+1207555121490,Name 490,Company 490,+1207666121490
+1207555121491,Name 491,Company 491,+1207666121491
+1207555121492,Name 492,Company 492,+1207666121492
+1207555121493,Name 493,Company 493,+1207666121493
+1207555121494,Name 494,Company 494,+1207666121494
+1207555121495,Name 495,Company 495,+1207666121495
+1207555121496,Name 496,Company 496,+1207666121496
+1207555121497,Name 497,Company 497,+1207666121497
+1207555121498,Name 498,Company 498,+1207666121498
+1207555121499,Name 499,Company 499,+1207666121499
+12075551215,Name 5,Company 5,+12076661215
+120755512150,Name 50,Company 50,+120766612150
+1207555121500,Name 500,Company 500,+1207666121500
+1207555121501,Name 501,Company 501,+1207666121501
+1207555121502,Name 502,Company 502,+1207666121502
+1207555121503,Name 503,Company 503,+1207666121503
+1207555121504,Name 504,Company 504,+1207666121504
+1207555121505,Name 505,Company 505,+1207666121505
+1207555121506,Name 506,Company 506,+1207666121506
+1207555121507,Name 507,Company 507,+1207666121507
+1207555121508,Name 508,Company 508,+1207666121508
+1207555121509,Name 509,Company 509,+1207666121509
+120755512151,Name 51,Company 51,+120766612151
+1207555121510,Name 510,Company 510,+1207666121510
+1207555121511,Name 511,Company 511,+1207666121511
+1207555121512,Name 512,Company 512,+1207666121512
+1207555121513,Name 513,Company 513,+1207666121513
+1207555121514,Name 514,Company 514,+1207666121514
+1207555121515,Name 515,Company 515,+1207666121515
+1207555121516,Name 516,Company 516,+1207666121516
+1207555121517,Name 517,Company 517,+1207666121517
+1207555121518,Name 518,Company 518,+1207666121518
+1207555121519,Name 519,Company 519,+1207666121519
+120755512152,Name 52,Company 52,+120766612152
+1207555121520,Name 520,Company 520,+1207666121520
+1207555121521,Name 521,Company 521,+1207666121521
+1207555121522,Name 522,Company 522,+1207666121522
+1207555121523,Name 523,Company 523,+1207666121523
+1207555121524,Name 524,Company 524,+1207666121524
+1207555121525,Name 525,Company 525,+1207666121525
+1207555121526,Name 526,Company 526,+1207666121526
+1207555121527,Name 527,Company 527,+1207666121527
+1207555121528,Name 528,Company 528,+1207666121528
+1207555121529,Name 529,Company 529,+1207666121529
+120755512153,Name 53,Company 53,+120766612153
+1207555121530,Name 530,Company 530,+1207666121530
+1207555121531,Name 531,Company 531,+1207666121531
+1207555121532,Name 532,Company 532,+1207666121532
+1207555121533,Name 533,Company 533,+1207666121533
+1207555121534,Name 534,Company 534,+1207666121534
+1207555121535,Name 535,Company 535,+1207666121535
+1207555121536,Name 536,Company 536,+1207666121536
+1207555121537,Name 537,Company 537,+1207666121537
+1207555121538,Name 538,Company 538,+1207666121538
+1207555121539,Name 539,Company 539,+1207666121539
+120755512154,Name 54,Company 54,+120766612154
+1207555121540,Name 540,Company 540,+1207666121540
+1207555121541,Name 541,Company 541,+1207666121541
+1207555121542,Name 542,Company 542,+1207666121542
+1207555121543,Name 543,Company 543,+1207666121543
+1207555121544,Name 544,Company 544,+1207666121544
+1207555121545,Name 545,Company 545,+1207666121545
+1207555121546,Name 546,Company 546,+1207666121546
+1207555121547,Name 547,Company 547,+1207666121547
+1207555121548,Name 548,Company 548,+1207666121548
+1207555121549,Name 549,Company 549,+1207666121549
+120755512155,Name 55,Company 55,+120766612155
+1207555121550,Name 550,Company 550,+1207666121550
+1207555121551,Name 551,Company 551,+1207666121551
+1207555121552,Name 552,Company 552,+1207666121552
+1207555121553,Name 553,Company 553,+1207666121553
+1207555121554,Name 554,Company 554,+1207666121554
+1207555121555,Name 555,Company 555,+1207666121555
+1207555121556,Name 556,Company 556,+1207666121556
+1207555121557,Name 557,Company 557,+1207666121557
+1207555121558,Name 558,Company 558,+1207666121558
+1207555121559,Name 559,Company 559,+1207666121559
+120755512156,Name 56,Company 56,+120766612156
+1207555121560,Name 560,Company 560,+1207666121560
+1207555121561,Name 561,Company 561,+1207666121561
+1207555121562,Name 562,Company 562,+1207666121562
+1207555121563,Name 563,Company 563,+1207666121563
+1207555121564,Name 564,Company 564,+1207666121564
+1207555121565,Name 565,Company 565,+1207666121565
+1207555121566,Name 566,Company 566,+1207666121566
+1207555121567,Name 567,Company 567,+1207666121567
+1207555121568,Name 568,Company 568,+1207666121568
+1207555121569,Name 569,Company 569,+1207666121569
+120755512157,Name 57,Company 57,+120766612157
+1207555121570,Name 570,Company 570,+1207666121570
+1207555121571,Name 571,Company 571,+1207666121571
+1207555121572,Name 572,Company 572,+1207666121572
+1207555121573,Name 573,Company 573,+1207666121573
+1207555121574,Name 574,Company 574,+1207666121574
+1207555121575,Name 575,Company 575,+1207666121575
+1207555121576,Name 576,Company 576,+1207666121576
+1207555121577,Name 577,Company 577,+1207666121577
+1207555121578,Name 578,Company 578,+1207666121578
+1207555121579,Name 579,Company 579,+1207666121579
+120755512158,Name 58,Company 58,+120766612158
+1207555121580,Name 580,Company 580,+1207666121580
+1207555121581,Name 581,Company 581,+1207666121581
+1207555121582,Name 582,Company 582,+1207666121582
+1207555121583,Name 583,Company 583,+1207666121583
+1207555121584,Name 584,Company 584,+1207666121584
+1207555121585,Name 585,Company 585,+1207666121585
+1207555121586,Name 586,Company 586,+1207666121586
+1207555121587,Name 587,Company 587,+1207666121587
+1207555121588,Name 588,Company 588,+1207666121588
+1207555121589,Name 589,Company 589,+1207666121589
+120755512159,Name 59,Company 59,+120766612159
+1207555121590,Name 590,Company 590,+1207666121590
+1207555121591,Name 591,Company 591,+1207666121591
+1207555121592,Name 592,Company 592,+1207666121592
+1207555121593,Name 593,Company 593,+1207666121593
+1207555121594,Name 594,Company 594,+1207666121594
+1207555121595,Name 595,Company 595,+1207666121595
+1207555121596,Name 596,Company 596,+1207666121596
+1207555121597,Name 597,Company 597,+1207666121597
+1207555121598,Name 598,Company 598,+1207666121598
+1207555121599,Name 599,Company 599,+1207666121599
+12075551216,Name 6,Company 6,+12076661216
+120755512160,Name 60,Company 60,+120766612160
+1207555121600,Name 600,Company 600,+1207666121600
+1207555121601,Name 601,Company 601,+1207666121601
+1207555121602,Name 602,Company 602,+1207666121602
+1207555121603,Name 603,Company 603,+1207666121603
+1207555121604,Name 604,Company 604,+1207666121604
+1207555121605,Name 605,Company 605,+1207666121605
+1207555121606,Name 606,Company 606,+1207666121606
+1207555121607,Name 607,Company 607,+1207666121607
+1207555121608,Name 608,Company 608,+1207666121608
+1207555121609,Name 609,Company 609,+1207666121609
+120755512161,Name 61,Company 61,+120766612161
+1207555121610,Name 610,Company 610,+1207666121610
+1207555121611,Name 611,Company 611,+1207666121611
+1207555121612,Name 612,Company 612,+1207666121612
+1207555121613,Name 613,Company 613,+1207666121613
+1207555121614,Name 614,Company 614,+1207666121614
+1207555121615,Name 615,Company 615,+1207666121615
+1207555121616,Name 616,Company 616,+1207666121616
+1207555121617,Name 617,Company 617,+1207666121617
+1207555121618,Name 618,Company 618,+1207666121618
+1207555121619,Name 619,Company 619,+1207666121619
+120755512162,Name 62,Company 62,+120766612162
+1207555121620,Name 620,Company 620,+1207666121620
+1207555121621,Name 621,Company 621,+1207666121621
+1207555121622,Name 622,Company 622,+1207666121622
+1207555121623,Name 623,Company 623,+1207666121623
+1207555121624,Name 624,Company 624,+1207666121624
+1207555121625,Name 625,Company 625,+1207666121625
+1207555121626,Name 626,Company 626,+1207666121626
+1207555121627,Name 627,Company 627,+1207666121627
+1207555121628,Name 628,Company 628,+1207666121628
+1207555121629,Name 629,Company 629,+1207666121629
+120755512163,Name 63,Company 63,+120766612163
+1207555121630,Name 630,Company 630,+1207666121630
+1207555121631,Name 631,Company 631,+1207666121631
+1207555121632,Name 632,Company 632,+1207666121632
+1207555121633,Name 633,Company 633,+1207666121633
+1207555121634,Name 634,Company 634,+1207666121634
+1207555121635,Name 635,Company 635,+1207666121635
+1207555121636,Name 636,Company 636,+1207666121636
+1207555121637,Name 637,Company 637,+1207666121637
+1207555121638,Name 638,Company 638,+1207666121638
+1207555121639,Name 639,Company 639,+1207666121639
+120755512164,Name 64,Company 64,+120766612164
+1207555121640,Name 640,Company 640,+1207666121640
+1207555121641,Name 641,Company 641,+1207666121641
+1207555121642,Name 642,Company 642,+1207666121642
+1207555121643,Name 643,Company 643,+1207666121643
+1207555121644,Name 644,Company 644,+1207666121644
+1207555121645,Name 645,Company 645,+1207666121645
+1207555121646,Name 646,Company 646,+1207666121646
+1207555121647,Name 647,Company 647,+1207666121647
+1207555121648,Name 648,Company 648,+1207666121648
+1207555121649,Name 649,Company 649,+1207666121649
+120755512165,Name 65,Company 65,+120766612165
+1207555121650,Name 650,Company 650,+1207666121650
+1207555121651,Name 651,Company 651,+1207666121651
+1207555121652,Name 652,Company 652,+1207666121652
+1207555121653,Name 653,Company 653,+1207666121653
+1207555121654,Name 654,Company 654,+1207666121654
+1207555121655,Name 655,Company 655,+1207666121655
+1207555121656,Name 656,Company 656,+1207666121656
+1207555121657,Name 657,Company 657,+1207666121657
+1207555121658,Name 658,Company 658,+1207666121658
+1207555121659,Name 659,Company 659,+1207666121659
+120755512166,Name 66,Company 66,+120766612166
+1207555121660,Name 660,Company 660,+1207666121660
+1207555121661,Name 661,Company 661,+1207666121661
+1207555121662,Name 662,Company 662,+1207666121662
+1207555121663,Name 663,Company 663,+1207666121663
+1207555121664,Name 664,Company 664,+1207666121664
+1207555121665,Name 665,Company 665,+1207666121665
+1207555121666,Name 666,Company 666,+1207666121666
+1207555121667,Name 667,Company 667,+1207666121667
+1207555121668,Name 668,Company 668,+1207666121668
+1207555121669,Name 669,Company 669,+1207666121669
+120755512167,Name 67,Company 67,+120766612167
+1207555121670,Name 670,Company 670,+1207666121670
+1207555121671,Name 671,Company 671,+1207666121671
+1207555121672,Name 672,Company 672,+1207666121672
+1207555121673,Name 673,Company 673,+1207666121673
+1207555121674,Name 674,Company 674,+1207666121674
+1207555121675,Name 675,Company 675,+1207666121675
+1207555121676,Name 676,Company 676,+1207666121676
+1207555121677,Name 677,Company 677,+1207666121677
+1207555121678,Name 678,Company 678,+1207666121678
+1207555121679,Name 679,Company 679,+1207666121679
+120755512168,Name 68,Company 68,+120766612168
+1207555121680,Name 680,Company 680,+1207666121680
+1207555121681,Name 681,Company 681,+1207666121681
+1207555121682,Name 682,Company 682,+1207666121682
+1207555121683,Name 683,Company 683,+1207666121683
+1207555121684,Name 684,Company 684,+1207666121684
+1207555121685,Name 685,Company 685,+1207666121685
+1207555121686,Name 686,Company 686,+1207666121686
+1207555121687,Name 687,Company 687,+1207666121687
+1207555121688,Name 688,Company 688,+1207666121688
+1207555121689,Name 689,Company 689,+1207666121689
+120755512169,Name 69,Company 69,+120766612169
+1207555121690,Name 690,Company 690,+1207666121690
+1207555121691,Name 691,Company 691,+1207666121691
+1207555121692,Name 692,Company 692,+1207666121692
+1207555121693,Name 693,Company 693,+1207666121693
+1207555121694,Name 694,Company 694,+1207666121694
+1207555121695,Name 695,Company 695,+1207666121695
+1207555121696,Name 696,Company 696,+1207666121696
+1207555121697,Name 697,Company 697,+1207666121697
+1207555121698,Name 698,Company 698,+1207666121698
+1207555121699,Name 699,Company 699,+1207666121699
+12075551217,Name 7,Company 7,+12076661217
+120755512170,Name 70,Company 70,+120766612170
+1207555121700,Name 700,Company 700,+1207666121700
+1207555121701,Name 701,Company 701,+1207666121701
+1207555121702,Name 702,Company 702,+1207666121702
+1207555121703,Name 703,Company 703,+1207666121703
+1207555121704,Name 704,Company 704,+1207666121704
+1207555121705,Name 705,Company 705,+1207666121705
+1207555121706,Name 706,Company 706,+1207666121706
+1207555121707,Name 707,Company 707,+1207666121707
+1207555121708,Name 708,Company 708,+1207666121708
+1207555121709,Name 709,Company 709,+1207666121709
+120755512171,Name 71,Company 71,+120766612171
+1207555121710,Name 710,Company 710,+1207666121710
+1207555121711,Name 711,Company 711,+1207666121711
+1207555121712,Name 712,Company 712,+1207666121712
+1207555121713,Name 713,Company 713,+1207666121713
+1207555121714,Name 714,Company 714,+1207666121714
+1207555121715,Name 715,Company 715,+1207666121715
+1207555121716,Name 716,Company 716,+1207666121716
+1207555121717,Name 717,Company 717,+1207666121717
+1207555121718,Name 718,Company 718,+1207666121718
+1207555121719,Name 719,Company 719,+1207666121719
+120755512172,Name 72,Company 72,+120766612172
+1207555121720,Name 720,Company 720,+1207666121720
+1207555121721,Name 721,Company 721,+1207666121721
+1207555121722,Name 722,Company 722,+1207666121722
+1207555121723,Name 723,Company 723,+1207666121723
+1207555121724,Name 724,Company 724,+1207666121724
+1207555121725,Name 725,Company 725,+1207666121725
+1207555121726,Name 726,Company 726,+1207666121726
+1207555121727,Name 727,Company 727,+1207666121727
+1207555121728,Name 728,Company 728,+1207666121728
+1207555121729,Name 729,Company 729,+1207666121729
+120755512173,Name 73,Company 73,+120766612173
+1207555121730,Name 730,Company 730,+1207666121730
+1207555121731,Name 731,Company 731,+1207666121731
+1207555121732,Name 732,Company 732,+1207666121732
+1207555121733,Name 733,Company 733,+1207666121733
+1207555121734,Name 734,Company 734,+1207666121734
+1207555121735,Name 735,Company 735,+1207666121735
+1207555121736,Name 736,Company 736,+1207666121736
+1207555121737,Name 737,Company 737,+1207666121737
+1207555121738,Name 738,Company 738,+1207666121738
+1207555121739,Name 739,Company 739,+1207666121739
+120755512174,Name 74,Company 74,+120766612174
+1207555121740,Name 740,Company 740,+1207666121740
+1207555121741,Name 741,Company 741,+1207666121741
+1207555121742,Name 742,Company 742,+1207666121742
+1207555121743,Name 743,Company 743,+1207666121743
+1207555121744,Name 744,Company 744,+1207666121744
+1207555121745,Name 745,Company 745,+1207666121745
+1207555121746,Name 746,Company 746,+1207666121746
+1207555121747,Name 747,Company 747,+1207666121747
+1207555121748,Name 748,Company 748,+1207666121748
+1207555121749,Name 749,Company 749,+1207666121749
+120755512175,Name 75,Company 75,+120766612175
+1207555121750,Name 750,Company 750,+1207666121750
+1207555121751,Name 751,Company 751,+1207666121751
+1207555121752,Name 752,Company 752,+1207666121752
+1207555121753,Name 753,Company 753,+1207666121753
+1207555121754,Name 754,Company 754,+1207666121754
+1207555121755,Name 755,Company 755,+1207666121755
+1207555121756,Name 756,Company 756,+1207666121756
+1207555121757,Name 757,Company 757,+1207666121757
+1207555121758,Name 758,Company 758,+1207666121758
+1207555121759,Name 759,Company 759,+1207666121759
+120755512176,Name 76,Company 76,+120766612176
+1207555121760,Name 760,Company 760,+1207666121760
+1207555121761,Name 761,Company 761,+1207666121761
+1207555121762,Name 762,Company 762,+1207666121762
+1207555121763,Name 763,Company 763,+1207666121763
+1207555121764,Name 764,Company 764,+1207666121764
+1207555121765,Name 765,Company 765,+1207666121765
+1207555121766,Name 766,Company 766,+1207666121766
+1207555121767,Name 767,Company 767,+1207666121767
+1207555121768,Name 768,Company 768,+1207666121768
+1207555121769,Name 769,Company 769,+1207666121769
+120755512177,Name 77,Company 77,+120766612177
+1207555121770,Name 770,Company 770,+1207666121770
+1207555121771,Name 771,Company 771,+1207666121771
+1207555121772,Name 772,Company 772,+1207666121772
+1207555121773,Name 773,Company 773,+1207666121773
+1207555121774,Name 774,Company 774,+1207666121774
+1207555121775,Name 775,Company 775,+1207666121775
+1207555121776,Name 776,Company 776,+1207666121776
+1207555121777,Name 777,Company 777,+1207666121777
+1207555121778,Name 778,Company 778,+1207666121778
+1207555121779,Name 779,Company 779,+1207666121779
+120755512178,Name 78,Company 78,+120766612178
+1207555121780,Name 780,Company 780,+1207666121780
+1207555121781,Name 781,Company 781,+1207666121781
+1207555121782,Name 782,Company 782,+1207666121782
+1207555121783,Name 783,Company 783,+1207666121783
+1207555121784,Name 784,Company 784,+1207666121784
+1207555121785,Name 785,Company 785,+1207666121785
+1207555121786,Name 786,Company 786,+1207666121786
+1207555121787,Name 787,Company 787,+1207666121787
+1207555121788,Name 788,Company 788,+1207666121788
+1207555121789,Name 789,Company 789,+1207666121789
+120755512179,Name 79,Company 79,+120766612179
+1207555121790,Name 790,Company 790,+1207666121790
+1207555121791,Name 791,Company 791,+1207666121791
+1207555121792,Name 792,Company 792,+1207666121792
+1207555121793,Name 793,Company 793,+1207666121793
+1207555121794,Name 794,Company 794,+1207666121794
+1207555121795,Name 795,Company 795,+1207666121795
+1207555121796,Name 796,Company 796,+1207666121796
+1207555121797,Name 797,Company 797,+1207666121797
+1207555121798,Name 798,Company 798,+1207666121798
+1207555121799,Name 799,Company 799,+1207666121799
+12075551218,Name 8,Company 8,+12076661218
+120755512180,Name 80,Company 80,+120766612180
+1207555121800,Name 800,Company 800,+1207666121800
+1207555121801,Name 801,Company 801,+1207666121801
+1207555121802,Name 802,Company 802,+1207666121802
+1207555121803,Name 803,Company 803,+1207666121803
+1207555121804,Name 804,Company 804,+1207666121804
+1207555121805,Name 805,Company 805,+1207666121805
+1207555121806,Name 806,Company 806,+1207666121806
+1207555121807,Name 807,Company 807,+1207666121807
+1207555121808,Name 808,Company 808,+1207666121808
+1207555121809,Name 809,Company 809,+1207666121809
+120755512181,Name 81,Company 81,+120766612181
+1207555121810,Name 810,Company 810,+1207666121810
+1207555121811,Name 811,Company 811,+1207666121811
+1207555121812,Name 812,Company 812,+1207666121812
+1207555121813,Name 813,Company 813,+1207666121813
+1207555121814,Name 814,Company 814,+1207666121814
+1207555121815,Name 815,Company 815,+1207666121815
+1207555121816,Name 816,Company 816,+1207666121816
+1207555121817,Name 817,Company 817,+1207666121817
+1207555121818,Name 818,Company 818,+1207666121818
+1207555121819,Name 819,Company 819,+1207666121819
+120755512182,Name 82,Company 82,+120766612182
+1207555121820,Name 820,Company 820,+1207666121820
+1207555121821,Name 821,Company 821,+1207666121821
+1207555121822,Name 822,Company 822,+1207666121822
+1207555121823,Name 823,Company 823,+1207666121823
+1207555121824,Name 824,Company 824,+1207666121824
+1207555121825,Name 825,Company 825,+1207666121825
+1207555121826,Name 826,Company 826,+1207666121826
+1207555121827,Name 827,Company 827,+1207666121827
+1207555121828,Name 828,Company 828,+1207666121828
+1207555121829,Name 829,Company 829,+1207666121829
+120755512183,Name 83,Company 83,+120766612183
+1207555121830,Name 830,Company 830,+1207666121830
+1207555121831,Name 831,Company 831,+1207666121831
+1207555121832,Name 832,Company 832,+1207666121832
+1207555121833,Name 833,Company 833,+1207666121833
+1207555121834,Name 834,Company 834,+1207666121834
+1207555121835,Name 835,Company 835,+1207666121835
+1207555121836,Name 836,Company 836,+1207666121836
+1207555121837,Name 837,Company 837,+1207666121837
+1207555121838,Name 838,Company 838,+1207666121838
+1207555121839,Name 839,Company 839,+1207666121839
+120755512184,Name 84,Company 84,+120766612184
+1207555121840,Name 840,Company 840,+1207666121840
+1207555121841,Name 841,Company 841,+1207666121841
+1207555121842,Name 842,Company 842,+1207666121842
+1207555121843,Name 843,Company 843,+1207666121843
+1207555121844,Name 844,Company 844,+1207666121844
+1207555121845,Name 845,Company 845,+1207666121845
+1207555121846,Name 846,Company 846,+1207666121846
+1207555121847,Name 847,Company 847,+1207666121847
+1207555121848,Name 848,Company 848,+1207666121848
+1207555121849,Name 849,Company 849,+1207666121849
+120755512185,Name 85,Company 85,+120766612185
+1207555121850,Name 850,Company 850,+1207666121850
+1207555121851,Name 851,Company 851,+1207666121851
+1207555121852,Name 852,Company 852,+1207666121852
+1207555121853,Name 853,Company 853,+1207666121853
+1207555121854,Name 854,Company 854,+1207666121854
+1207555121855,Name 855,Company 855,+1207666121855
+1207555121856,Name 856,Company 856,+1207666121856
+1207555121857,Name 857,Company 857,+1207666121857
+1207555121858,Name 858,Company 858,+1207666121858
+1207555121859,Name 859,Company 859,+1207666121859
+120755512186,Name 86,Company 86,+120766612186
+1207555121860,Name 860,Company 860,+1207666121860
+1207555121861,Name 861,Company 861,+1207666121861
+1207555121862,Name 862,Company 862,+1207666121862
+1207555121863,Name 863,Company 863,+1207666121863
+1207555121864,Name 864,Company 864,+1207666121864
+1207555121865,Name 865,Company 865,+1207666121865
+1207555121866,Name 866,Company 866,+1207666121866
+1207555121867,Name 867,Company 867,+1207666121867
+1207555121868,Name 868,Company 868,+1207666121868
+1207555121869,Name 869,Company 869,+1207666121869
+120755512187,Name 87,Company 87,+120766612187
+1207555121870,Name 870,Company 870,+1207666121870
+1207555121871,Name 871,Company 871,+1207666121871
+1207555121872,Name 872,Company 872,+1207666121872
+1207555121873,Name 873,Company 873,+1207666121873
+1207555121874,Name 874,Company 874,+1207666121874
+1207555121875,Name 875,Company 875,+1207666121875
+1207555121876,Name 876,Company 876,+1207666121876
+1207555121877,Name 877,Company 877,+1207666121877
+1207555121878,Name 878,Company 878,+1207666121878
+1207555121879,Name 879,Company 879,+1207666121879
+120755512188,Name 88,Company 88,+120766612188
+1207555121880,Name 880,Company 880,+1207666121880
+1207555121881,Name 881,Company 881,+1207666121881
+1207555121882,Name 882,Company 882,+1207666121882
+1207555121883,Name 883,Company 883,+1207666121883
+1207555121884,Name 884,Company 884,+1207666121884
+1207555121885,Name 885,Company 885,+1207666121885
+1207555121886,Name 886,Company 886,+1207666121886
+1207555121887,Name 887,Company 887,+1207666121887
+1207555121888,Name 888,Company 888,+1207666121888
+1207555121889,Name 889,Company 889,+1207666121889
+120755512189,Name 89,Company 89,+120766612189
+1207555121890,Name 890,Company 890,+1207666121890
+1207555121891,Name 891,Company 891,+1207666121891
+1207555121892,Name 892,Company 892,+1207666121892
+1207555121893,Name 893,Company 893,+1207666121893
+1207555121894,Name 894,Company 894,+1207666121894
+1207555121895,Name 895,Company 895,+1207666121895
+1207555121896,Name 896,Company 896,+1207666121896
+1207555121897,Name 897,Company 897,+1207666121897
+1207555121898,Name 898,Company 898,+1207666121898
+1207555121899,Name 899,Company 899,+1207666121899
+12075551219,Name 9,Company 9,+12076661219
+120755512190,Name 90,Company 90,+120766612190
+1207555121900,Name 900,Company 900,+1207666121900
+1207555121901,Name 901,Company 901,+1207666121901
+1207555121902,Name 902,Company 902,+1207666121902
+1207555121903,Name 903,Company 903,+1207666121903
+1207555121904,Name 904,Company 904,+1207666121904
+1207555121905,Name 905,Company 905,+1207666121905
+1207555121906,Name 906,Company 906,+1207666121906
+1207555121907,Name 907,Company 907,+1207666121907
+1207555121908,Name 908,Company 908,+1207666121908
+1207555121909,Name 909,Company 909,+1207666121909
+120755512191,Name 91,Company 91,+120766612191
+1207555121910,Name 910,Company 910,+1207666121910
+1207555121911,Name 911,Company 911,+1207666121911
+1207555121912,Name 912,Company 912,+1207666121912
+1207555121913,Name 913,Company 913,+1207666121913
+1207555121914,Name 914,Company 914,+1207666121914
+1207555121915,Name 915,Company 915,+1207666121915
+1207555121916,Name 916,Company 916,+1207666121916
+1207555121917,Name 917,Company 917,+1207666121917
+1207555121918,Name 918,Company 918,+1207666121918
+1207555121919,Name 919,Company 919,+1207666121919
+120755512192,Name 92,Company 92,+120766612192
+1207555121920,Name 920,Company 920,+1207666121920
+1207555121921,Name 921,Company 921,+1207666121921
+1207555121922,Name 922,Company 922,+1207666121922
+1207555121923,Name 923,Company 923,+1207666121923
+1207555121924,Name 924,Company 924,+1207666121924
+1207555121925,Name 925,Company 925,+1207666121925
+1207555121926,Name 926,Company 926,+1207666121926
+1207555121927,Name 927,Company 927,+1207666121927
+1207555121928,Name 928,Company 928,+1207666121928
+1207555121929,Name 929,Company 929,+1207666121929
+120755512193,Name 93,Company 93,+120766612193
+1207555121930,Name 930,Company 930,+1207666121930
+1207555121931,Name 931,Company 931,+1207666121931
+1207555121932,Name 932,Company 932,+1207666121932
+1207555121933,Name 933,Company 933,+1207666121933
+1207555121934,Name 934,Company 934,+1207666121934
+1207555121935,Name 935,Company 935,+1207666121935
+1207555121936,Name 936,Company 936,+1207666121936
+1207555121937,Name 937,Company 937,+1207666121937
+1207555121938,Name 938,Company 938,+1207666121938
+1207555121939,Name 939,Company 939,+1207666121939
+120755512194,Name 94,Company 94,+120766612194
+1207555121940,Name 940,Company 940,+1207666121940
+1207555121941,Name 941,Company 941,+1207666121941
+1207555121942,Name 942,Company 942,+1207666121942
+1207555121943,Name 943,Company 943,+1207666121943
+1207555121944,Name 944,Company 944,+1207666121944
+1207555121945,Name 945,Company 945,+1207666121945
+1207555121946,Name 946,Company 946,+1207666121946
+1207555121947,Name 947,Company 947,+1207666121947
+1207555121948,Name 948,Company 948,+1207666121948
+1207555121949,Name 949,Company 949,+1207666121949
+120755512195,Name 95,Company 95,+120766612195
+1207555121950,Name 950,Company 950,+1207666121950
+1207555121951,Name 951,Company 951,+1207666121951
+1207555121952,Name 952,Company 952,+1207666121952
+1207555121953,Name 953,Company 953,+1207666121953
+1207555121954,Name 954,Company 954,+1207666121954
+1207555121955,Name 955,Company 955,+1207666121955
+1207555121956,Name 956,Company 956,+1207666121956
+1207555121957,Name 957,Company 957,+1207666121957
+1207555121958,Name 958,Company 958,+1207666121958
+1207555121959,Name 959,Company 959,+1207666121959
+120755512196,Name 96,Company 96,+120766612196
+1207555121960,Name 960,Company 960,+1207666121960
+1207555121961,Name 961,Company 961,+1207666121961
+1207555121962,Name 962,Company 962,+1207666121962
+1207555121963,Name 963,Company 963,+1207666121963
+1207555121964,Name 964,Company 964,+1207666121964
+1207555121965,Name 965,Company 965,+1207666121965
+1207555121966,Name 966,Company 966,+1207666121966
+1207555121967,Name 967,Company 967,+1207666121967
+1207555121968,Name 968,Company 968,+1207666121968
+1207555121969,Name 969,Company 969,+1207666121969
+120755512197,Name 97,Company 97,+120766612197
+1207555121970,Name 970,Company 970,+1207666121970
+1207555121971,Name 971,Company 971,+1207666121971
+1207555121972,Name 972,Company 972,+1207666121972
+1207555121973,Name 973,Company 973,+1207666121973
+1207555121974,Name 974,Company 974,+1207666121974
+1207555121975,Name 975,Company 975,+1207666121975
+1207555121976,Name 976,Company 976,+1207666121976
+1207555121977,Name 977,Company 977,+1207666121977
+1207555121978,Name 978,Company 978,+1207666121978
+1207555121979,Name 979,Company 979,+1207666121979
+120755512198,Name 98,Company 98,+120766612198
+1207555121980,Name 980,Company 980,+1207666121980
+1207555121981,Name 981,Company 981,+1207666121981
+1207555121982,Name 982,Company 982,+1207666121982
+1207555121983,Name 983,Company 983,+1207666121983
+1207555121984,Name 984,Company 984,+1207666121984
+1207555121985,Name 985,Company 985,+1207666121985
+1207555121986,Name 986,Company 986,+1207666121986
+1207555121987,Name 987,Company 987,+1207666121987
+1207555121988,Name 988,Company 988,+1207666121988
+1207555121989,Name 989,Company 989,+1207666121989
+120755512199,Name 99,Company 99,+120766612199
+1207555121990,Name 990,Company 990,+1207666121990
+1207555121991,Name 991,Company 991,+1207666121991
+1207555121992,Name 992,Company 992,+1207666121992
+1207555121993,Name 993,Company 993,+1207666121993
+1207555121994,Name 994,Company 994,+1207666121994
+1207555121995,Name 995,Company 995,+1207666121995
+1207555121996,Name 996,Company 996,+1207666121996
+1207555121997,Name 997,Company 997,+1207666121997
+1207555121998,Name 998,Company 998,+1207666121998
+1207555121999,Name 999,Company 999,+1207666121999
